ENV,REP,GEN,HDNG,DTM,GFD,PH,SL,GWPS,GNPS,SPMS,YPMS,BYPMS,TGW
E1,1,HD3171,90,132,42,94,8.5,2.48,59,518,1283,1900,41.98
E1,1,DW1616,93,134,41,94,9.3,2.09,47,375,783,1900,44.42
E1,1,HD2864,91,128,37,95,9.7,1.75,45,564,987,1300,38.89
E1,1,HD3086,78,125,47,94.33,9.8,1.26,38,455,574,1700,33.22
E1,1,HD3249,88,129,41,96.67,10.4,2.09,45,425,887,1750,46.4
E1,1,DW1627,83,123,40,95.67,8.6,1.52,46,510,776,1520,33.07
E1,1,DW1628,87,129,42,93.67,9,1.88,44,580,1088,1760,42.65
E1,1,DW1629,87,130,43,86.67,7,2.05,48,522,1068,1510,42.62
E1,1,HD3184,94,135,41,94,8.7,2.26,54,575,1297,1755,41.77
E1,1,HD3252,91,129,38,100,10.3,2.19,52,540,1181,2000,42.07
E1,1,DW1630,93,135,42,99.67,10.3,1.91,47,560,1068,2263,40.59
E1,1,HD2932,91,133,42,80.67,9.1,1.23,38,620,763,1769,32.4
E1,1,DW1631,93,133,40,90.67,10,2.42,58,690,1670,2200,41.72
E1,1,DW1632,91,134,43,88.67,8.4,1.91,48,620,1184,1635,39.79
E1,1,WR544,73,118,45,94,8.4,1.81,44,475,862,1920,41.24
E1,1,HD3255,94,134,40,100,11.1,1.98,46,509,1010,2110,43.12
E1,1,DW1633,95,135,40,94.33,10.7,2.05,51,390,798,1818,40.11
E1,1,DW1634,90,133,43,94.33,9.4,1.81,44,502,909,2159,41.14
E1,1,DW1635,93,135,42,86.33,10,2.27,53,510,1156,1712,42.77
E1,1,HD3090,92,133,41,91.67,7.9,1.41,42,350,494,1743,33.62
E1,1,HD3262,91,131,40,98.67,9,2.19,51,698,1529,1925,42.94
E1,1,DW1636,91,135,44,85,10.9,2.06,50,450,926,1410,41.13
E1,1,DW1637,91,132,41,94.67,10.3,2.12,51,465,985,1645,41.55
E1,1,DW1638,92,130,38,89.67,8.8,1.31,38,452,591,1228,34.42
E1,1,DW1639,93,131,38,74.67,8,1.77,44,485,860,1531,40.3
E1,1,DW1640,93,131,38,93.33,9.4,1.94,46,595,1153,1601,42.12
E1,1,HD3318,87,128,41,99.67,9.1,2.49,59,533,1327,1940,42.18
E1,1,HD3265,88,128,40,88.33,10,1.99,47,660,1315,1801,42.39
E1,1,DW1642,93,134,41,93.33,9,2.1,51,503,1054,1580,41.08
E1,1,DW1643,95,134,39,92,11.1,1.84,42,408,751,1551,43.84
E1,1,DW1644,93,135,42,89.67,9.1,1.93,47,401,772,1501,40.97
E1,1,DW1645,92,127,35,92.33,11,2.09,49,542,1132,1750,42.61
E1,1,HD3059,93,130,37,93,8.7,2.17,50,570,1238,1955,43.44
E1,1,HD3266,91,130,39,93,9.9,2.26,52,605,1369,1996,43.5
E1,1,DW1615,94,133,39,92.67,9.8,1.93,46,630,1215,1652,41.93
E1,1,HDCSW18,97,130,33,94,9.6,2.06,48,540,1112,1802,42.92
E1,2,HD3171,91,127,36,92.33,8.8,2.58,58,520,1340,1998,44.43
E1,2,DW1616,93,128,35,94,10.1,2.19,45,365,799,1920,48.62
E1,2,HD2864,91,129,38,95.33,10.3,1.65,43,570,941,1320,38.37
E1,2,HD3086,79,127,48,94,10,1.16,37,450,523,1750,31.41
E1,2,HD3249,89,129,40,99,10.7,2.09,42,430,898,1755,49.71
E1,2,DW1627,84,126,42,94.33,8.8,1.41,45,515,726,1500,31.33
E1,2,DW1628,88,129,41,94,9,1.78,43,585,1039,1701,41.32
E1,2,DW1629,87,130,43,88.67,7.2,2.1,48,515,1084,1525,43.84
E1,2,HD3184,94,128,34,94.33,8.7,2.22,53,570,1263,1750,41.8
E1,2,HD3252,92,130,38,100.33,10.1,2.18,53,530,1154,2030,41.09
E1,2,DW1630,93,128,35,99.67,10.4,1.93,47,556,1072,2223,41.02
E1,2,HD2932,92,148,56,81.33,9.2,1.33,39,623,829,1749,34.13
E1,2,DW1631,93,130,37,92,10.2,2.52,59,680,1714,2300,42.71
E1,2,DW1632,92,130,38,91.67,8.4,1.91,50,633,1209,1645,38.2
E1,2,WR544,74,116,42,94.67,8.5,1.81,48,466,846,1900,37.8
E1,2,HD3255,94,131,37,99.67,11.1,1.78,46,500,890,2160,38.7
E1,2,DW1633,95,132,37,94.67,10.7,2,52,395,790,1819,38.46
E1,2,DW1634,90,131,41,95.33,9.4,1.41,44,490,691,2169,32.05
E1,2,DW1635,92,130,38,87.33,10.1,2.1,57,512,1075,1700,36.84
E1,2,HD3090,94,131,37,92,8.1,1.49,42,342,510,1743,35.48
E1,2,HD3262,92,130,38,98.33,9,2.2,51,700,1540,1895,43.14
E1,2,DW1636,92,135,43,85.67,10.9,2.16,53,461,996,1410,40.75
E1,2,DW1637,91,130,39,94.33,10.5,2.32,51,451,1046,1540,45.49
E1,2,DW1638,92,130,38,91.33,8.8,1.32,39,450,594,1228,33.85
E1,2,DW1639,93,132,39,74.33,8.1,1.6,47,455,728,1530,34.04
E1,2,DW1640,94,130,36,94.67,9.4,1.84,49,580,1066,1601,37.5
E1,2,HD3318,86,128,42,99.33,9.3,2.82,57,530,1495,1935,49.47
E1,2,HD3265,89,129,40,93.33,10,2,50,628,1256,1900,40
E1,2,DW1642,94,133,39,90.33,9,1.98,52,521,1032,1580,38.08
E1,2,DW1643,93,135,42,87.67,9.1,1.9,48,402,764,1591,39.58
E1,2,DW1644,94,133,39,93.67,11.1,1.78,44,407,724,1551,40.45
E1,2,DW1645,93,127,34,88.33,10.8,2.15,49,540,1161,1740,43.88
E1,2,HD3059,94,132,38,94.33,8.8,1.97,48,560,1103,1985,41.04
E1,2,HD3266,91,127,36,94.67,10,2.18,56,595,1297,1986,38.93
E1,2,DW1615,94,129,35,93.67,10,1.88,43,595,1119,1540,43.72
E1,2,HDCSW18,96,132,36,91.67,9.9,2,48,505,1010,1785,41.67
E1,3,HD3171,90.5,129.5,39,93.17,8.7,2.53,59,519,1311,1949,43.19
E1,3,DW1616,93,131,38,94,9.7,2.14,46,370,791,1910,46.47
E1,3,HD2864,91,128.5,37.5,95.17,10,1.7,44,567,964,1310,38.64
E1,3,HD3086,78.5,126,47.5,94.17,9.9,1.21,38,453,549,1725,32.33
E1,3,HD3249,88.5,129,40.5,97.83,10.6,2.09,44,428,893,1753,47.99
E1,3,DW1627,83.5,124.5,41,95,8.7,1.47,46,513,751,1510,32.21
E1,3,DW1628,87.5,129,41.5,93.83,9,1.83,44,583,1064,1731,41.99
E1,3,DW1629,87,130,43,87.67,7.1,2.08,48,519,1076,1518,43.23
E1,3,HD3184,94,131.5,37.5,94.17,8.7,2.24,54,573,1280,1753,41.79
E1,3,HD3252,91.5,129.5,38,100.17,10.2,2.18,53,535,1168,2015,41.58
E1,3,DW1630,93,131.5,38.5,99.67,10.4,1.92,47,558,1070,2243,40.8
E1,3,HD2932,91.5,140.5,49,81,9.2,1.28,39,622,796,1759,33.28
E1,3,DW1631,93,131.5,38.5,91.33,10.1,2.47,59,685,1692,2250,42.22
E1,3,DW1632,91.5,132,40.5,90.17,8.4,1.91,49,627,1197,1640,38.98
E1,3,WR544,73.5,117,43.5,94.33,8.5,1.81,46,471,854,1910,39.44
E1,3,HD3255,94,132.5,38.5,99.83,11.1,1.88,46,505,949,2135,40.91
E1,3,DW1633,95,133.5,38.5,94.5,10.7,2.02,52,393,794,1819,39.28
E1,3,DW1634,90,132,42,94.83,9.4,1.61,44,496,799,2164,36.59
E1,3,DW1635,92.5,132.5,40,86.83,10,2.18,55,511,1116,1706,39.7
E1,3,HD3090,93,132,39,91.83,8,1.45,42,346,502,1743,34.55
E1,3,HD3262,91.5,130.5,39,98.5,9,2.2,51,699,1534,1910,43.04
E1,3,DW1636,91.5,135,43.5,85.33,10.9,2.11,52,456,960,1410,40.94
E1,3,DW1637,91,131,40,94.5,10.4,2.22,51,458,1017,1593,43.52
E1,3,DW1638,92,130,38,90.5,8.8,1.31,39,451,593,1228,34.13
E1,3,DW1639,93,131.5,38.5,74.5,8.1,1.69,46,470,793,1531,37.07
E1,3,DW1640,93.5,130.5,37,94,9.4,1.89,48,588,1109,1601,39.74
E1,3,HD3318,86.5,128,41.5,99.5,9.2,2.65,58,532,1411,1938,45.77
E1,3,HD3265,88.5,128.5,40,90.83,10,2,49,644,1285,1851,41.16
E1,3,DW1642,93.5,133.5,40,91.83,9,2.04,52,512,1043,1580,39.57
E1,3,DW1643,94.5,133.5,39,92.83,11.1,1.81,43,408,738,1551,42.11
E1,3,DW1644,93,135,42,88.67,9.1,1.91,48,402,768,1546,40.27
E1,3,DW1645,92.5,127,34.5,90.33,10.9,2.12,49,541,1146,1745,43.24
E1,3,HD3059,93.5,131,37.5,93.67,8.8,2.07,49,565,1170,1970,42.27
E1,3,HD3266,91,128.5,37.5,93.83,9.9,2.22,54,600,1333,1991,41.13
E1,3,DW1615,94,131,37,93.17,9.9,1.9,45,613,1166,1596,42.8
E1,3,HDCSW18,96.5,131,34.5,92.83,9.8,2.03,48,523,1061,1794,42.29
E2,1,HD3171,78,111,33,92,8.4,1.72,44,502,863.44,1782,39.09
E2,1,DW1616,83,121,38,91,9.5,1.819,43,341,620.279,1952,42.3
E2,1,HD2864,77,112,35,92,9.9,1.14,37,325,370.5,1230,30.81
E2,1,HD3086,75,112,37,93,8.99,1.12,34.9,275,308,1265,32.09
E2,1,HD3249,79,112,33,86.66,10.1,1.804,41.1,350,631.4,2201,43.89
E2,1,DW1627,78,114,36,92.36,8.5,1.146,42,402,460.692,1754,27.29
E2,1,DW1628,81,114,33,93.64,8.4,1.41,41.2,450,634.5,1252,34.22
E2,1,DW1629,79,114,35,85.62,6.9,1.88,46.8,370,695.6,1484,40.17
E2,1,HD3184,84,116,32,92.13,8.4,2.04,47,510,1040.4,1550,43.4
E2,1,HD3252,81,114,33,97.1,10.1,2.019,49,503,1015.557,1503,41.2
E2,1,DW1630,83,115,32,97.01,8.6,1.705,42,400,682,1503,40.6
E2,1,HD2932,83,116,33,80.63,9,1.134,36,589,667.926,1752,31.5
E2,1,DW1631,82,113,31,90,9.9,1.844,50.3,595,1097.18,2003,36.66
E2,1,DW1632,82,114,32,87.13,7.9,1.35,43,450,607.5,1632,31.4
E2,1,WR544,73,113,40,92.12,7.7,0.865,39,400,346,1001,22.18
E2,1,HD3255,83,118,35,98.13,10.3,1.359,37.5,475,645.525,1756,36.24
E2,1,DW1633,83,113,30,92.33,8.9,1.88,47,385,723.8,2003,40
E2,1,DW1634,82,109,27,93.11,9.1,1.5,39,400,600,1487,38.46
E2,1,DW1635,84,115,31,84.33,9.7,1.75,45.1,490,857.5,1206,38.8
E2,1,HD3090,79,115,36,90.36,8,1.121,42,403,451.763,1564,26.69
E2,1,HD3262,81,112,31,98.12,8.5,2.058,47.1,601,1236.858,1789,43.69
E2,1,DW1636,82,114,32,85.2,10.21,2.042,48,450,918.9,1404,42.54
E2,1,DW1637,77,114,37,90.13,10,1.776,45,525,932.4,1000,39.47
E2,1,DW1638,81,113,32,85,8.1,1.02,38,478,487.56,1486,26.84
E2,1,DW1639,82,115,33,73.67,8,1.39,43,550,764.5,1254,32.33
E2,1,DW1640,82,113,31,89.41,8.7,1.7,45,496,843.2,1536,37.78
E2,1,HD3318,77,112,35,94.1,8.6,2.067,51.4,538,1112.046,1540,40.21
E2,1,HD3265,77,116,39,87.31,10,1.48,42,604,893.92,1963,35.24
E2,1,DW1642,84,116,32,90.33,9.5,1.9,44,475,902.5,1745,43.18
E2,1,DW1643,84,118,34,90.66,11,1.179,37,425,501.075,1485,31.86
E2,1,DW1644,86,119,33,88.67,9,1.804,41.1,362,653.048,1545,43.89
E2,1,DW1645,81,114,33,86.66,10.4,1.48,47.4,498,737.04,1254,31.22
E2,1,HD3059,82,114,32,91.33,8.4,1.7,44.7,525,892.5,1545,38.03
E2,1,HD3266,82,115,33,93.1,9.5,2.133,47,485,1034.505,1500,45.38
E2,1,DW1615,82,117,35,91.31,9.7,1.587,41,605,960.135,1632,38.71
E2,1,HDCSW18,83,118,35,93.1,9,1.679,46,505,847.895,1564,36.5
E2,2,HD3171,79,111,32,91,8.5,1.7,44,505,858.5,1772,38.64
E2,2,DW1616,82,121,39,91.33,10,1.79,42,330,590.7,1942,42.62
E2,2,HD2864,78,115,37,90.84,10.1,1.13,37,315,355.95,1270,30.54
E2,2,HD3086,77,113,36,89.12,8.7,1.09,34.9,295,321.55,1265,31.23
E2,2,HD3249,80,115,35,95,10.4,1.814,41.1,357,647.598,2201,44.14
E2,2,DW1627,79,112,33,90.1,8.3,1.16,44,395,458.2,1754,26.36
E2,2,DW1628,82,118,36,92,8.61,1.43,41.2,440,629.2,1252,34.71
E2,2,DW1629,81,116,35,85.66,7,1.81,46.8,365,660.65,1484,38.68
E2,2,HD3184,83,116,33,90.12,8.7,2.05,46,496,1016.8,1590,44.57
E2,2,HD3252,82,116,34,97.1,10,2.019,50,500,1009.5,1503,40.38
E2,2,DW1630,84,118,34,95.4,8.5,1.705,41,401,683.705,1543,41.59
E2,2,HD2932,83,115,32,80,9.1,1.134,37,600,680.4,1752,30.65
E2,2,DW1631,81,114,33,87.12,10.2,1.844,50.3,585,1078.74,2001,36.66
E2,2,DW1632,84,116,32,89.67,8.1,1.32,44,470,620.4,1632,30
E2,2,WR544,72,111,39,88.64,7.9,0.865,40,456,394.44,1001,21.63
E2,2,HD3255,81,118,37,98.647,10.5,1.359,37.5,465,631.935,1756,36.24
E2,2,DW1633,84,114,30,93.65,8.989,1.84,47.7,370,680.8,1943,38.57
E2,2,DW1634,83,112,29,94.5,9.1,1.48,37,405,599.4,1477,40
E2,2,DW1635,86,115,29,84.66,10,1.74,47.1,485,843.9,1206,36.94
E2,2,HD3090,81,115,34,90.32,8.2,1.01,42,410,414.1,1564,24.05
E2,2,HD3262,80,112,32,97.83,9,2.058,47.1,590,1214.22,1789,43.69
E2,2,DW1636,80,113,33,83.1,10.12,2.042,48,455,929.11,1404,42.54
E2,2,DW1637,80,116,36,86.36,10.23,1.776,45,530,941.28,1000,39.47
E2,2,DW1638,79,114,35,84.25,8.7,1.12,39,480,537.6,1486,28.72
E2,2,DW1639,84,116,32,74.36,8.1,1.34,44,555,743.7,1204,30.45
E2,2,DW1640,83,115,32,85.31,9.41,1.7,45,490,833,1536,37.78
E2,2,HD3318,79,112,33,95.41,9.2,2.0547,51.4,540,1109.538,1550,39.97
E2,2,HD3265,71,111,40,90.33,9.99,1.51,44,594,896.94,1993,34.32
E2,2,DW1642,84,117,33,87.14,9.5,1.7,43,460,782,1745,39.53
E2,2,DW1643,87,117,30,84.12,9,1.804,41.1,353,636.812,1545,43.89
E2,2,DW1644,86,117,31,91.66,10.7,1.39,39,430,597.7,1485,35.64
E2,2,DW1645,80,115,35,85.12,10.4,1.48,47.4,491,726.68,1244,31.22
E2,2,HD3059,83,113,30,90.64,8.4,1.72,44.7,504,866.88,1545,38.48
E2,2,HD3266,81,115,34,94.1,9.4,2.133,49,480,1023.84,1500,43.53
E2,2,DW1615,84,123,39,92.12,9.5,1.87,40,590,1103.3,1632,46.75
E2,2,HDCSW18,83,121,38,93.12,9.1,1.79,45.7,500,895,1544,39.17
E2,3,HD3171,78.5,111,32.5,91.5,8.45,1.71,44,503.5,860.985,1777,38.86
E2,3,DW1616,82.5,121,38.5,91.165,9.75,1.8045,42.5,335.5,605.40975,1947,42.46
E2,3,HD2864,77.5,113.5,36,91.42,10,1.135,37,320,363.2,1250,30.68
E2,3,HD3086,76,112.5,36.5,91.06,8.845,1.105,34.9,285,314.925,1265,31.66
E2,3,HD3249,79.5,113.5,34,90.83,10.25,1.809,41.1,353.5,639.4815,2201,44.01
E2,3,DW1627,78.5,113,34.5,91.23,8.4,1.153,43,398.5,459.4705,1754,26.81
E2,3,DW1628,81.5,116,34.5,92.82,8.505,1.42,41.2,445,631.9,1252,34.47
E2,3,DW1629,80,115,35,85.64,6.95,1.845,46.8,367.5,678.0375,1484,39.42
E2,3,HD3184,83.5,116,32.5,91.125,8.55,2.045,46.5,503,1028.635,1570,43.98
E2,3,HD3252,81.5,115,33.5,97.1,10.05,2.019,49.5,501.5,1012.5285,1503,40.79
E2,3,DW1630,83.5,116.5,33,96.205,8.55,1.705,41.5,400.5,682.8525,1523,41.08
E2,3,HD2932,83,115.5,32.5,80.315,9.05,1.134,36.5,594.5,674.163,1752,31.07
E2,3,DW1631,81.5,113.5,32,88.56,10.05,1.844,50.3,590,1087.96,2002,36.66
E2,3,DW1632,83,115,32,88.4,8,1.335,43.5,460,614.1,1632,30.69
E2,3,WR544,72.5,112,39.5,90.38,7.8,0.865,39.5,428,370.22,1001,21.9
E2,3,HD3255,82,118,36,98.3885,10.4,1.359,37.5,470,638.73,1756,36.24
E2,3,DW1633,83.5,113.5,30,92.99,8.9445,1.86,47.35,377.5,702.15,1973,39.28
E2,3,DW1634,82.5,110.5,28,93.805,9.1,1.49,38,402.5,599.725,1482,39.21
E2,3,DW1635,85,115,30,84.495,9.85,1.745,46.1,487.5,850.6875,1206,37.85
E2,3,HD3090,80,115,35,90.34,8.1,1.0655,42,406.5,433.12575,1564,25.37
E2,3,HD3262,80.5,112,31.5,97.975,8.75,2.058,47.1,595.5,1225.539,1789,43.69
E2,3,DW1636,81,113.5,32.5,84.15,10.165,2.042,48,452.5,924.005,1404,42.54
E2,3,DW1637,78.5,115,36.5,88.245,10.115,1.776,45,527.5,936.84,1000,39.47
E2,3,DW1638,80,113.5,33.5,84.625,8.4,1.07,38.5,479,512.53,1486,27.79
E2,3,DW1639,83,115.5,32.5,74.015,8.05,1.365,43.5,552.5,754.1625,1229,31.38
E2,3,DW1640,82.5,114,31.5,87.36,9.055,1.7,45,493,838.1,1536,37.78
E2,3,HD3318,78,112,34,94.755,8.9,2.06085,51.4,539,1110.79815,1545,40.09
E2,3,HD3265,74,113.5,39.5,88.82,9.995,1.495,43,599,895.505,1978,34.77
E2,3,DW1642,84,116.5,32.5,88.735,9.5,1.8,43.5,467.5,841.5,1745,41.38
E2,3,DW1643,85,117.5,32.5,91.16,10.85,1.2845,38,427.5,549.12375,1485,33.8
E2,3,DW1644,86.5,118,31.5,86.395,9,1.804,41.1,357.5,644.93,1545,43.89
E2,3,DW1645,80.5,114.5,34,85.89,10.4,1.48,47.4,494.5,731.86,1249,31.22
E2,3,HD3059,82.5,113.5,31,90.985,8.4,1.71,44.7,514.5,879.795,1545,38.26
E2,3,HD3266,81.5,115,33.5,93.6,9.45,2.133,48,482.5,1029.1725,1500,44.44
E2,3,DW1615,83,120,37,91.715,9.6,1.7285,40.5,597.5,1032.77875,1632,42.68
E2,3,HDCSW18,83,119.5,36.5,93.11,9.05,1.7345,45.85,502.5,871.58625,1554,37.83
E3,1,HD3171,70,95,25,77,7.8,0.93,36,320,298,1236,25.83
E3,1,DW1616,73,88,15,67.5,9.5,1.12,37.5,310,347,850,29.87
E3,1,HD2864,71,95,24,64.66666667,9,0.65,25,315,205,923,26
E3,1,HD3086,50,81,31,64.33333333,8.7,0.587,30.8,395,232,1001,19.06
E3,1,HD3249,67,92,25,65.66666667,9.8,1.019,37.9,260,265,956,26.89
E3,1,DW1627,61,92,31,64.16666667,8,0.598,31.2,330,197,754,19.17
E3,1,DW1628,66,92,26,65.66666667,8.9,0.862,35,250,216,1200,24.63
E3,1,DW1629,65,89,24,70.33333333,7,0.64,31.5,243,156,1323,20.32
E3,1,HD3184,72,94,22,67.33333333,8,0.839,35.5,280,235,750,23.63
E3,1,HD3252,70,97,27,68.66666667,8.9,0.902,37.2,275,248,1003,24.25
E3,1,DW1630,72,96,24,70.33333333,9.5,0.919,36,314,289,1100,25.53
E3,1,HD2932,70,94,24,63.33333333,8.9,0.855,35.2,276,236,1002,24.29
E3,1,DW1631,74,92,18,65.66666667,8.3,0.859,35.6,275,236,1006,24.13
E3,1,DW1632,70,90,20,60,8.1,1.097,39.5,285,313,903,27.77
E3,1,WR544,46,80,34,67.66666667,7.9,0.728,32.9,281,205,503,22.13
E3,1,HD3255,74,100,26,50.33333333,10.5,1.199,40.2,440,528,1145,29.83
E3,1,DW1633,76,99,23,77,10,1.327,42,350,464,906,31.6
E3,1,DW1634,69,99,30,66.66666667,8.9,1.367,42,460,629,1022,32.55
E3,1,DW1635,74,95,21,66.33333333,9.4,1.363,42,473,645,734,32.45
E3,1,HD3090,70,101,31,64.33333333,7,1.2,39.5,304,365,1001,30.38
E3,1,HD3262,69,102,33,81.66666667,8.3,1.35,39.2,530,716,1263,34.44
E3,1,DW1636,70,95,25,85,9.8,1.781,45.2,425,757,1108,39.4
E3,1,DW1637,69,102,33,75.66666667,9.7,1.247,42.5,350,436,758,29.34
E3,1,DW1638,72,101,29,73.33333333,8.2,1.6,30,320,512,1005,53.33
E3,1,DW1639,73,97,24,54,7.9,0.857,32,290,249,561,26.78
E3,1,DW1640,73,99,26,62,9.1,0.799,33.3,333,266,751,23.99
E3,1,HD3318,66,98,32,69.66666667,8.4,0.73,30.2,430,314,781,24.17
E3,1,HD3265,65,99,34,66.66666667,9.5,1.225,42,430,527,1240,29.17
E3,1,DW1642,71,95,24,70.33333333,8.1,1.159,40.9,472,547,781,28.34
E3,1,DW1643,74,98,24,62.66666667,10,1.035,40.1,345,357,753,25.81
E3,1,DW1644,74,98,24,65.66666667,8.4,1.415,37,305,432,750,38.24
E3,1,DW1645,73,93,20,69,10.2,1.351,46.5,310,419,502,29.05
E3,1,HD3059,74,97,23,73.66666667,7.2,1.438,37.1,378,544,746,38.76
E3,1,HD3266,72,96,24,77.66666667,9.2,1.494,38.1,528,789,982,39.21
E3,1,DW1615,75,99,24,68.66666667,8.2,1.601,39.7,425,680,1490,40.33
E3,1,HDCSW18,76,101,25,72.33333333,8.2,1.595,40,346,552,890,39.88
E3,2,HD3171,70,97,27,77.33333333,7.6,0.94,34,310,291,1206,27.65
E3,2,DW1616,73,90,17,69.16666667,9.51,1.11,38,305,339,810,29.21
E3,2,HD2864,71,97,26,66.33333333,9.31,0.655,29,312,204,924,22.59
E3,2,HD3086,50,83,33,66,8.7,0.587,29,400,235,1041,20.24
E3,2,HD3249,67,94,27,66,8.9,1.19,36,265,315,957,33.06
E3,2,DW1627,59,90,31,65.16666667,8.45,0.598,33,335,200,764,18.12
E3,2,DW1628,64,90,26,66.16666667,8.9,0.82,34,255,209,1210,24.12
E3,2,DW1629,67,91,24,71.33333333,7.62,0.6,32,240,144,1343,18.75
E3,2,HD3184,74,96,22,69,8.6,0.83,34,285,237,754,24.41
E3,2,HD3252,70,97,27,68.66666667,9.15,0.922,36,280,258,1043,25.61
E3,2,DW1630,71,95,24,71,9.8,0.91,35,320,291,1110,26
E3,2,HD2932,70,95,25,63.33333333,8.7,0.85,36,280,238,1042,23.61
E3,2,DW1631,74,93,19,65.66666667,8.3,0.89,37,265,236,1016,24.05
E3,2,DW1632,68,88,20,60,8,1.17,38,300,351,943,30.79
E3,2,WR544,46,78,32,68.66666667,8,0.78,34,302,236,513,22.94
E3,2,HD3255,74,99,25,51.33333333,10.2,1.39,39,430,598,1135,35.64
E3,2,DW1633,76,97,21,77,10.2,1.37,40,332,455,976,34.25
E3,2,DW1634,68,96,28,67,8.9,1.36,41,453,616,1023,33.17
E3,2,DW1635,74,93,19,65.33333333,9.5,1.383,41,470,650,736,33.73
E3,2,HD3090,70,99,29,63.66666667,7.2,1.22,38,300,366,991,32.11
E3,2,HD3262,69,100,31,80.66666667,8.6,1.5,37,500,750,1223,40.54
E3,2,DW1636,69,94,25,87,9.64,1.71,41,435,744,1008,41.71
E3,2,DW1637,69,99,30,77.66666667,9.23,1.27,40,340,432,708,31.75
E3,2,DW1638,70,98,28,75.33333333,8.32,1.54,28,310,477,995,55
E3,2,DW1639,72,96,24,55.33333333,8.21,0.85,31,280,238,541,27.42
E3,2,DW1640,70,95,25,64,8.9,0.79,32,315,249,721,24.69
E3,2,HD3318,69,99,30,71.66666667,8.65,0.73,30,390,285,741,24.33
E3,2,HD3265,65,97,32,67,9.1,1.115,41,435,485,1140,27.2
E3,2,DW1642,71,93,22,71.33333333,8,1.19,41,470,559,711,29.02
E3,2,DW1643,74,96,22,65.33333333,8.5,1.45,39,310,450,760,37.18
E3,2,DW1644,74,97,23,63.66666667,10.45,1.05,38,344,361,713,27.63
E3,2,DW1645,72,92,20,70,9.9,1.31,48,290,380,512,27.29
E3,2,HD3059,73,95,22,74.33333333,7.64,1.338,39,365,488,756,34.31
E3,2,HD3266,74,97,23,78.66666667,9.85,1.44,37,540,778,942,38.92
E3,2,DW1615,74,97,23,70,8.54,1.501,38,420,630,1465,39.5
E3,2,HDCSW18,74,98,24,71.66666667,8.5,1.795,39,350,628,800,46.03
E3,3,HD3171,70,96,26,77.16666667,7.7,0.935,35,315,295,1221,26.71
E3,3,DW1616,73,89,16,68.33333333,9.505,1.115,37.75,307.5,343,830,29.54
E3,3,HD2864,71,96,25,65.5,9.155,0.6525,27,313.5,205,924,24.17
E3,3,HD3086,50,82,32,65.16666667,8.7,0.587,29.9,397.5,233,1021,19.63
E3,3,HD3249,67,93,26,65.83333333,9.35,1.1045,36.95,262.5,290,957,29.89
E3,3,DW1627,60,91,31,64.66666667,8.225,0.598,32.1,332.5,199,759,18.63
E3,3,DW1628,65,91,26,65.91666667,8.9,0.841,34.5,252.5,212,1205,24.38
E3,3,DW1629,66,90,24,70.83333333,7.31,0.62,31.75,241.5,150,1333,19.53
E3,3,HD3184,73,95,22,68.16666667,8.3,0.8345,34.75,282.5,236,752,24.01
E3,3,HD3252,70,97,27,68.66666667,9.025,0.912,36.6,277.5,253,1023,24.92
E3,3,DW1630,71.5,95.5,24,70.66666667,9.65,0.9145,35.5,317,290,1105,25.76
E3,3,HD2932,70,94.5,24.5,63.33333333,8.8,0.8525,35.6,278,237,1022,23.95
E3,3,DW1631,74,92.5,18.5,65.66666667,8.3,0.8745,36.3,270,236,1011,24.09
E3,3,DW1632,69,89,20,60,8.05,1.1335,38.75,292.5,332,923,29.25
E3,3,WR544,46,79,33,68.16666667,7.95,0.754,33.45,291.5,220,508,22.54
E3,3,HD3255,74,99.5,25.5,50.83333333,10.35,1.2945,39.6,435,563,1140,32.69
E3,3,DW1633,76,98,22,77,10.1,1.3485,41,341,460,941,32.89
E3,3,DW1634,68.5,97.5,29,66.83333333,8.9,1.3635,41.5,456.5,622,1023,32.86
E3,3,DW1635,74,94,20,65.83333333,9.45,1.373,41.5,471.5,647,735,33.08
E3,3,HD3090,70,100,30,64,7.1,1.21,38.75,302,365,996,31.23
E3,3,HD3262,69,101,32,81.16666667,8.45,1.425,38.1,515,734,1243,37.4
E3,3,DW1636,69.5,94.5,25,86,9.72,1.7455,43.1,430,751,1058,40.5
E3,3,DW1637,69,100.5,31.5,76.66666667,9.465,1.2585,41.25,345,434,733,30.51
E3,3,DW1638,71,99.5,28.5,74.33333333,8.26,1.57,29,315,495,1000,54.14
E3,3,DW1639,72.5,96.5,24,54.66666667,8.055,0.8535,31.5,285,243,551,27.1
E3,3,DW1640,71.5,97,25.5,63,9,0.7945,32.65,324,257,736,24.33
E3,3,HD3318,67.5,98.5,31,70.66666667,8.525,0.73,30.1,410,299,761,24.25
E3,3,HD3265,65,98,33,66.83333333,9.3,1.17,41.5,432.5,506,1190,28.19
E3,3,DW1642,71,94,23,70.83333333,8.05,1.1745,40.95,471,553,746,28.68
E3,3,DW1643,74,97.5,23.5,63.16666667,10.225,1.0425,39.05,344.5,359,733,26.7
E3,3,DW1644,74,97,23,65.5,8.45,1.4325,38,307.5,440,755,37.7
E3,3,DW1645,72.5,92.5,20,69.5,10.05,1.3305,47.25,300,399,507,28.16
E3,3,HD3059,73.5,96,22.5,74,7.42,1.388,38.05,371.5,516,751,36.48
E3,3,HD3266,73,96.5,23.5,78.16666667,9.525,1.467,37.55,534,783,962,39.07
E3,3,DW1615,74.5,98,23.5,69.33333333,8.37,1.551,38.85,422.5,655,1478,39.92
E3,3,HDCSW18,75,99.5,24.5,72,8.35,1.695,39.5,348,590,845,42.91
E4,1,HD3171,88,129,41,97,11.8,2.76,69,580,1598,3100,39.94
E4,1,DW1616,92,131,39,102,9,2.6,63,552,1435,2510,41.27
E4,1,HD2864,90,125,35,96,10.8,2.38,69,575,1369,3600,34.49
E4,1,HD3086,79,122,43,93,8.5,1.14,46,660,751,2650,24.75
E4,1,HD3249,86,126,40,101,10,2.51,59,540,1355,3270,42.52
E4,1,DW1627,80,120,40,105,7.5,1.82,54,652,1184,3098,33.61
E4,1,DW1628,87,126,39,100,10.3,2.67,67,500,1336,2500,39.87
E4,1,DW1629,88,127,39,90,7.5,1.78,44,600,1070,3060,40.17
E4,1,HD3184,93,132,39,96,8.5,2.28,58,600,1368,2910,39.46
E4,1,HD3252,88,126,38,98,9.5,3,69,448,1344,2610,43.48
E4,1,DW1630,92,132,40,98,12.3,2.12,63,580,1230,3500,33.65
E4,1,HD2932,90,156,66,90,10.3,2.23,61,540,1204,2340,36.56
E4,1,DW1631,92,130,38,101,9.3,2.46,58,625,1538,3390,42.42
E4,1,DW1632,93,131,38,91,9.9,1.9,54,480,911,2400,35.16
E4,1,WR544,74,115,41,98,9.5,1.81,48,500,904,2340,37.65
E4,1,HD3255,91,131,40,94,10.3,2.34,54,552,1292,2703,43.33
E4,1,DW1633,92,132,40,101,10.5,2.64,67,550,1452,3520,39.4
E4,1,DW1634,89,130,41,99,11,2.26,55,580,1311,3420,41.09
E4,1,DW1635,90,132,42,96,10.8,2.7,69,555,1499,2840,39.13
E4,1,HD3090,90,130,40,88,10,2.36,66,462,1090,2910,35.76
E4,1,HD3262,89,128,39,106,11.3,2.7,63,550,1485,3400,42.86
E4,1,DW1636,90,132,42,88,11.5,2.33,64,546,1272,2805,36.41
E4,1,DW1637,88,129,41,82,5.5,2.65,65,594,1576,3000,40.83
E4,1,DW1638,91,127,36,84,11,2.38,64,415,987,2290,37.15
E4,1,DW1639,90,128,38,90,9.3,2.44,58,532,1296,2760,42.02
E4,1,DW1640,89,128,39,94,8,2.74,72,502,1377,2840,38
E4,1,HD3318,86,125,39,98,10.8,2.91,74,530,1543,2900,39.34
E4,1,HD3265,85,125,40,88,9,1.82,34,630,1147,2820,53.53
E4,1,DW1642,90,131,41,89,10.3,2.25,53,599,1348,3140,42.45
E4,1,DW1643,92,131,39,95,9.3,2.57,59,530,1363,2325,43.58
E4,1,DW1644,90,132,42,98,10,2.59,60,560,1449,2600,43.12
E4,1,DW1645,89,126,37,101,11.3,2.59,58,580,1504,3720,44.72
E4,1,HD3059,91,129,38,98,10.3,2.04,59,390,795,2300,34.54
E4,1,HD3266,90,129,39,100,10.5,1.94,56,696,1353,3041,34.71
E4,1,DW1615,91,132,41,93,9.8,2,56,580,1160,3321,35.71
E4,1,HDCSW18,94,129,35,96,11.9,2.96,71,502,1487,2300,41.72
E4,2,HD3171,89,129,40,98,11.9,2.75,70,558,1535,3090,39.29
E4,2,DW1616,91,131,40,101,9,2.5,62,510,1275,2498,40.32
E4,2,HD2864,89,124,35,96,10.9,2.48,70,590,1463,3520,35.43
E4,2,HD3086,80,119,39,94,8.8,1.19,47,690,822,2590,25.35
E4,2,HD3249,87,128,41,101,10.3,2.42,60,535,1294,3210,40.31
E4,2,DW1627,82,119,37,106,8,1.78,49,680,1208,3120,36.25
E4,2,DW1628,85,124,39,100,10.4,2.74,61,499,1366,2448,44.89
E4,2,DW1629,89,127,38,89,7.3,1.81,42,598,1080,2970,43.21
E4,2,HD3184,91,132,41,96,8.8,2.3,59,618,1419,3060,38.91
E4,2,HD3252,88,125,37,98,9.8,2.98,65,450,1341,2589,45.85
E4,2,DW1630,90,130,40,98,12.4,2,58,570,1140,3439,34.48
E4,2,HD2932,91,154,63,89,10.4,2.2,59,530,1166,2400,37.29
E4,2,DW1631,91,127,36,100,9.4,2.54,56,630,1600,3360,45.35
E4,2,DW1632,93,132,39,91,10,2.1,52,475,998,2390,40.42
E4,2,WR544,76,114,38,98,10.3,1.55,48,495,766,2320,32.25
E4,2,HD3255,92,134,42,94,10.4,2.23,53,546,1218,2730,42.08
E4,2,DW1633,91,129,38,101,10.3,2.61,63,545,1422,3490,41.43
E4,2,DW1634,88,130,42,100,10.3,2,52,570,1139,3410,38.43
E4,2,DW1635,92,135,43,95,10.6,2.6,68,550,1431,2820,38.37
E4,2,HD3090,91,134,43,88,10,2.3,64,480,1102,2880,35.86
E4,2,HD3262,88,128,40,105,11.6,2.65,59,530,1405,3390,44.92
E4,2,DW1636,92,138,46,89,11.8,2.25,62,536,1206,2720,36.29
E4,2,DW1637,89,132,43,84,7.5,2.21,60,552,1219,2920,36.8
E4,2,DW1638,90,128,38,83,10.5,2.04,63,420,858,2300,32.41
E4,2,DW1639,89,127,38,91,9.6,2.1,56,550,1154,2730,37.47
E4,2,DW1640,87,123,36,95,8.3,2.61,71,492,1284,2790,36.87
E4,2,HD3318,87,129,42,99,11.4,2.81,73,532,1493,2890,38.66
E4,2,HD3265,86,122,36,89,9.3,1.72,33,628,1080,2802,52.12
E4,2,DW1642,91,133,42,89,10.1,2.3,54,598,1375,3200,42.59
E4,2,DW1643,92,135,43,98,9.8,2.18,58,552,1204,2560,37.61
E4,2,DW1644,93,133,40,95,9.6,2.13,58,498,1063,2300,36.8
E4,2,DW1645,87,125,38,101,11.6,2.5,57,592,1479,3600,43.83
E4,2,HD3059,90,132,42,97,10.6,2.31,61,380,879,2235,37.93
E4,2,HD3266,91,131,40,100,11.3,2,58,660,1320,3020,34.48
E4,2,DW1615,90,129,39,94,9.9,2.15,54,600,1292,3400,40.18
E4,2,HDCSW18,95,134,39,95,12,2.91,70,492,1434,2280,41.64
E4,3,HD3171,89,129,41,97,11.8,2.75,70,569,1566,3095,39.61
E4,3,DW1616,92,131,40,101,9,2.55,63,531,1354,2504,40.8
E4,3,HD2864,90,125,35,96,10.8,2.43,70,582.5,1415,3560,34.96
E4,3,HD3086,80,121,41,94,8.6,1.17,47,675,786,2620,25.06
E4,3,HD3249,87,127,41,101,10.1,2.46,60,537.5,1324,3240,41.41
E4,3,DW1627,81,120,39,105,7.8,1.8,52,666,1196,3109,34.87
E4,3,DW1628,86,125,39,100,10.3,2.7,64,499.5,1351,2474,42.26
E4,3,DW1629,89,127,39,89,7.4,1.79,43,599,1075,3015,41.64
E4,3,HD3184,92,132,40,96,8.6,2.29,58,609,1394,2985,39.18
E4,3,HD3252,88,126,38,98,9.6,2.99,67,449,1343,2599.5,44.63
E4,3,DW1630,91,131,40,98,12.3,2.06,61,575,1185,3469.5,34.05
E4,3,HD2932,91,155,65,89,10.3,2.22,60,535,1185,2370,36.92
E4,3,DW1631,92,129,37,100,9.3,2.5,57,627.5,1569,3375,43.86
E4,3,DW1632,93,132,39,91,9.9,2,53,477.5,955,2395,37.74
E4,3,WR544,75,115,40,98,9.9,1.68,48,497.5,835,2330,34.95
E4,3,HD3255,92,133,41,94,10.3,2.29,54,549,1254,2716.5,42.71
E4,3,DW1633,92,131,39,101,10.4,2.63,65,547.5,1437,3505,40.38
E4,3,DW1634,89,130,42,99,10.6,2.13,54,575,1224,3415,39.8
E4,3,DW1635,91,134,43,95,10.7,2.65,68,552.5,1465,2830,38.76
E4,3,HD3090,91,132,42,88,10,2.33,65,471,1096,2895,35.81
E4,3,HD3262,89,128,40,105,11.4,2.68,61,540,1445,3395,43.85
E4,3,DW1636,91,135,44,88,11.6,2.29,63,541,1239,2762.5,36.35
E4,3,DW1637,89,131,42,83,6.5,2.43,63,573,1393,2960,38.9
E4,3,DW1638,91,128,37,83,10.8,2.21,64,417.5,923,2295,34.8
E4,3,DW1639,90,128,38,90,9.4,2.27,57,541,1227,2745,39.78
E4,3,DW1640,88,126,38,94,8.1,2.68,72,497,1330,2815,37.44
E4,3,HD3318,87,127,41,99,11.1,2.86,73,531,1518,2895,39
E4,3,HD3265,86,124,38,88,9.1,1.77,34,629,1113,2811,52.84
E4,3,DW1642,91,132,42,89,10.2,2.28,54,598.5,1362,3170,42.52
E4,3,DW1643,93,132,40,95,9.4,2.35,59,514,1209,2312.5,40.22
E4,3,DW1644,91,134,43,98,9.9,2.38,59,556,1326,2580,40.41
E4,3,DW1645,88,126,38,101,11.4,2.55,58,586,1492,3660,44.28
E4,3,HD3059,91,131,40,97,10.4,2.18,60,385,838,2267.5,36.26
E4,3,HD3266,91,130,40,100,10.9,1.97,57,678,1337,3030.5,34.59
E4,3,DW1615,91,131,40,93,9.8,2.08,55,590,1225,3360.5,37.9
E4,3,HDCSW18,95,132,37,95,11.9,2.94,71,497,1460,2290,41.68
E5,1,HD3171,79,108,29,75,9.4,1.86,41,636,1183,2175,45.37
E5,1,DW1616,82,116,34,76,9.6,2.06,50,660,1360,2580,41.2
E5,1,HD2864,81,109,28,75,9.3,1.94,50,525,1019,1992,38.8
E5,1,HD3086,77,106,29,74,9.3,1.77,49,672,1189,1890,36.12
E5,1,HD3249,80,108,28,76,9.4,2.38,55,642,1528,2500,43.43
E5,1,DW1627,78,108,30,75,9.2,1.8,51,650,1170,2250,35.57
E5,1,DW1628,79,110,31,75,9.3,2.02,50,585,1182,1920,40.4
E5,1,DW1629,79,109,30,72,8.9,1.75,49,563,985,1725,35.57
E5,1,HD3184,81,111,30,68,8.7,1.65,49,504,832,1470,33.67
E5,1,HD3252,78,108,30,72,9.2,2.06,45,662,1364,2150,45.78
E5,1,DW1630,81,111,30,76,9.8,1.94,52,627,1217,2070,37.33
E5,1,HD2932,81,111,30,74,9.7,1.98,57,720,1423,2350,34.67
E5,1,DW1631,79,109,30,74,9.2,1.73,47,570,989,1800,36.91
E5,1,DW1632,81,111,30,74,9,1.93,49,621,1200,2445,39.42
E5,1,WR544,74,106,32,69,9.1,1.12,33,552,616,1726,33.82
E5,1,HD3255,80,111,31,77,8.9,1.98,49,759,1502,2508,40.21
E5,1,DW1633,81,110,29,74,9.5,1.95,50,468,914,1620,38.73
E5,1,DW1634,77,107,30,75,9.1,1.8,49,632,1138,1950,36.73
E5,1,DW1635,81,112,31,68,9.6,1.7,48,519,880,1545,35.04
E5,1,HD3090,80,111,31,72,9.3,2.01,52,618,1242,2085,38.65
E5,1,HD3262,80,109,29,75,8.7,1.75,46,602,1052,1935,38.14
E5,1,DW1636,78,111,33,73,9.2,2.24,60,705,1579,2130,37.33
E5,1,DW1637,80,109,29,73,9.7,1.9,54,571,1085,1845,35.19
E5,1,DW1638,79,108,29,74,8.9,1.71,42,564,964,1860,40.71
E5,1,DW1639,82,110,28,65,9,1.46,41,612,892,1701,35.55
E5,1,DW1640,80,108,28,66,9.4,1.46,49,730,1065,2175,29.76
E5,1,HD3318,78,107,29,73,9.5,1.99,58,630,1257,1980,34.39
E5,1,HD3265,82,108,26,67,9.7,1.95,50,516,1006,1832,39
E5,1,DW1642,83,111,28,65,8.6,1.92,50,480,921,1455,38.36
E5,1,DW1643,84,113,29,71,9.8,1.93,56,588,1134,1720,34.19
E5,1,DW1644,85,114,29,69,10,1.9,52,410,779,1320,36.54
E5,1,DW1645,79,109,30,67,10.4,1.53,42,475,729,1450,36.18
E5,1,HD3059,79,109,30,70,9.8,2.05,60,472,966,1600,33.87
E5,1,HD3266,79,110,31,75,10.7,1.96,45,498,974,1650,43.47
E5,1,DW1615,78,113,35,73,10.2,1.68,42,780,1310,2565,40
E5,1,HDCSW18,80,113,33,84,11.3,1.61,58,486,785,1530,28.03
E5,2,HD3171,81,111,30,73,9.5,1.76,42,648,1140,2174,41.9
E5,2,DW1616,83,118,35,75,9.5,2.07,51,666,1379,2570,40.59
E5,2,HD2864,82,111,29,73,9.5,1.95,53,530,1034,1990,36.79
E5,2,HD3086,78,108,30,73,9.5,1.6,48,630,1005,1920,33.37
E5,2,HD3249,80,109,29,76,9.5,2.15,54,606,1304,2490,39.83
E5,2,DW1627,76,107,31,74,9.5,1.75,51,642,1124,2210,34.05
E5,2,DW1628,80,112,32,73,9.5,1.99,48,580,1154,1921,41.46
E5,2,DW1629,80,111,31,72,9,1.67,49,564,942,1726,34.08
E5,2,HD3184,81,112,31,70,8.9,1.55,48,504,781,1410,32.29
E5,2,HD3252,79,110,31,73,9.6,1.99,47,663,1316,2160,42.24
E5,2,DW1630,82,113,31,75,9.6,1.57,50,626,985,1920,31.73
E5,2,HD2932,82,113,31,73,9.6,2.21,59,732,1618,2310,37.46
E5,2,DW1631,78,109,31,72,9.6,1.48,49,540,799,1675,30.33
E5,2,DW1632,82,111,29,72,9.2,1.96,50,620,1217,2450,38.96
E5,2,WR544,75,106,31,71,9.1,1.55,34,590,915,1725,45.63
E5,2,HD3255,82,112,30,75,9,1.88,51,708,1328,2500,36.79
E5,2,DW1633,82,110,28,72,9.8,1.85,52,438,808,1625,35.49
E5,2,DW1634,78,107,29,72,9.8,1.73,48,631,1092,1950,36.04
E5,2,DW1635,81,111,30,71,9.8,1.55,47,520,806,1540,33.11
E5,2,HD3090,81,111,30,72,9.4,1.98,50,654,1295,2000,39.29
E5,2,HD3262,80,108,28,74,9,1.82,48,601,1091,1940,37.83
E5,2,DW1636,79,111,32,71,9.9,1.95,59,701,1368,2120,33.08
E5,2,DW1637,82,112,30,71,10,1.85,51,572,1058,1846,35.99
E5,2,DW1638,80,110,30,71,9.5,1.8,40,563,1013,1865,45
E5,2,DW1639,81,110,29,66,9.1,1.33,39,613,818,1710,34.22
E5,2,DW1640,81,110,29,68,9.5,1.65,49,731,1209,2178,33.75
E5,2,HD3318,78,108,30,71,9.5,1.74,55,618,1073,1982,31.8
E5,2,HD3265,80,107,27,67,10.3,1.86,49,540,1004,1830,37.96
E5,2,DW1642,84,113,29,66,8.6,1.75,48,498,870,1410,36.69
E5,2,DW1643,83,113,30,70,10.5,1.88,51,390,733,1380,36.86
E5,2,DW1644,83,113,30,73,9.8,1.94,59,564,1095,1725,32.91
E5,2,DW1645,80,111,31,68,10.5,1.72,45,480,827,1425,38.46
E5,2,HD3059,78,109,31,72,10,2.02,61,470,950,1590,33.03
E5,2,HD3266,79,111,32,77,10.8,1.33,43,497,661,1655,30.91
E5,2,DW1615,80,116,36,76,10.9,1.58,40,781,1234,2560,39.12
E5,2,HDCSW18,82,116,34,83,11.3,1.88,57,450,848,1532,33.29
E5,3,HD3171,80,110,30,74,9.4,1.81,42,642,1162,2175,43.61
E5,3,DW1616,83,117,35,76,9.5,2.07,51,663,1369,2575,40.89
E5,3,HD2864,82,110,29,74,9.4,1.95,52,528,1026,1991,37.77
E5,3,HD3086,78,107,30,74,9.4,1.68,48,651,1095,1905,34.76
E5,3,HD3249,80,109,29,76,9.5,2.27,54,624,1414,2495,41.65
E5,3,DW1627,77,108,31,75,9.3,1.78,51,646,1147,2230,34.8
E5,3,DW1628,80,111,32,74,9.4,2.01,49,583,1168,1921,40.92
E5,3,DW1629,80,110,31,72,9,1.71,49,564,964,1726,34.83
E5,3,HD3184,81,112,31,69,8.8,1.6,49,504,806,1440,32.99
E5,3,HD3252,79,109,31,72,9.4,2.02,46,663,1340,2155,43.97
E5,3,DW1630,82,112,31,76,9.7,1.76,51,627,1101,1995,34.6
E5,3,HD2932,82,112,31,74,9.7,2.09,58,726,1520,2330,36.09
E5,3,DW1631,79,109,31,73,9.4,1.61,48,555,892,1738,33.56
E5,3,DW1632,82,111,30,73,9.1,1.95,50,621,1209,2448,39.19
E5,3,WR544,75,106,32,70,9.1,1.33,34,571,762,1726,39.81
E5,3,HD3255,81,112,31,76,9,1.93,50,734,1414,2504,38.47
E5,3,DW1633,82,110,29,73,9.6,1.9,51,453,860,1623,37.09
E5,3,DW1634,78,107,30,73,9.4,1.77,49,632,1115,1950,36.39
E5,3,DW1635,81,112,31,70,9.7,1.62,48,520,843,1543,34.09
E5,3,HD3090,81,111,31,72,9.4,2,51,636,1269,2043,38.96
E5,3,HD3262,80,109,29,75,8.9,1.78,47,602,1071,1938,37.98
E5,3,DW1636,79,111,33,72,9.6,2.1,60,703,1473,2125,35.22
E5,3,DW1637,81,111,30,72,9.8,1.88,53,572,1072,1846,35.58
E5,3,DW1638,80,109,30,72,9.2,1.76,41,564,989,1863,42.8
E5,3,DW1639,82,110,29,66,9.1,1.4,40,613,855,1706,34.9
E5,3,DW1640,81,109,29,67,9.5,1.56,49,731,1137,2177,31.76
E5,3,HD3318,78,108,30,72,9.5,1.87,56,624,1164,1981,33.13
E5,3,HD3265,81,108,27,67,10,1.91,50,528,1006,1831,38.48
E5,3,DW1642,84,112,29,66,8.6,1.83,49,489,896,1433,37.55
E5,3,DW1643,84,113,30,72,9.8,1.94,58,576,1115,1723,33.54
E5,3,DW1644,84,114,30,69,10.3,1.89,52,400,756,1350,36.7
E5,3,DW1645,80,110,31,68,10.5,1.63,44,478,778,1438,37.35
E5,3,HD3059,79,109,31,71,9.9,2.03,61,471,958,1595,33.45
E5,3,HD3266,79,111,32,76,10.7,1.64,44,498,817,1653,37.33
E5,3,DW1615,79,115,36,74,10.6,1.63,41,781,1272,2563,39.57
E5,3,HDCSW18,81,115,34,83,11.3,1.75,57,468,819,1531,30.64
E6,1,HD3171,70,98,28,67,11,1.73,44,420,727,1680,39.32
E6,1,DW1616,71,89,18,70,8,2.1,44,408,857,1530,47.73
E6,1,HD2864,69,96,27,76,9.8,2.01,64,435,874,1740,31.41
E6,1,HD3086,58,92,34,79,10,1.85,44,390,721,1590,42.03
E6,1,HD3249,63,91,28,77,8.5,2.05,42,380,779,1710,48.81
E6,1,DW1627,60,94,34,76,10.5,1.16,40,372,431,1390,28.94
E6,1,DW1628,62,91,29,73,9.5,1.92,56,485,931,1700,34.53
E6,1,DW1629,57,84,27,70,8.3,1.64,36,438,718,1395,45.55
E6,1,HD3184,65,90,25,92,9.8,1.95,39,462,901,2040,49.74
E6,1,HD3252,61,91,30,72,11.3,1.84,49,498,914,1760,37.47
E6,1,DW1630,62,89,27,65,10.3,2.28,61,503,1147,2210,37.62
E6,1,HD2932,60,87,27,65,9.8,1.6,52,504,804,1635,30.51
E6,1,DW1631,61,82,21,71,10.5,1.39,45,370,514,1102,30.86
E6,1,DW1632,58,80,22,60,10.8,1.91,49,400,766,1200,39.07
E6,1,WR544,43,79,36,68,9.5,1.74,46,540,940,1840,37.5
E6,1,HD3255,57,85,28,66,8.3,1.38,45,510,705,1670,30.71
E6,1,DW1633,57,82,25,57,9.8,1.39,58,438,609,1840,24.14
E6,1,DW1634,50,82,32,67,9.8,1.37,49,472,647,1410,27.99
E6,1,DW1635,52,75,23,59,11.3,1.65,59,489,807,1590,28.16
E6,1,HD3090,49,82,33,59,10.8,1.82,37,588,1072,1860,49.27
E6,1,HD3262,47,82,35,66,9.3,1.67,39,520,870,2071,42.91
E6,1,DW1636,48,75,27,73,10,1.62,30,580,941,1962,53.75
E6,1,DW1637,44,79,35,79,12.8,1.4,53,460,645,1890,26.57
E6,1,DW1638,45,76,31,79,9.3,1.38,39,597,824,2041,35.38
E6,1,DW1639,46,72,26,67,9.5,1.97,45,450,887,1650,43.78
E6,1,DW1640,45,73,28,68,10.8,1.1,39,388,425,1435,28.08
E6,1,HD3318,39,73,34,71,9.5,2.23,60,444,989,1770,37.11
E6,1,HD3265,36,72,36,73,8.5,1.64,40,620,1019,2100,41.11
E6,1,DW1642,39,65,26,75,10.3,2.03,35,482,977,1900,57.9
E6,1,DW1643,42,68,26,79,9.8,1.68,34,490,822,1900,49.35
E6,1,DW1644,41,67,26,72,11.8,1.82,30,465,846,1800,60.67
E6,1,DW1645,41,63,22,81,9.8,1.87,45,560,1047,2100,41.54
E6,1,HD3059,40,65,25,77,10.8,1.75,53,540,946,1840,33.06
E6,1,HD3266,34,60,26,83,8.8,1.76,37,599,1056,2332,47.89
E6,1,DW1615,38,64,26,78,9.8,1.5,48,598,897,2340,31.25
E6,1,HDCSW18,38,65,27,84,10.5,1.55,49,608,942,2358,31.63
E6,2,HD3171,68,97,29,67,11,1.74,45,425,740,1698,38.67
E6,2,DW1616,70,89,19,69,8.5,2.14,43,410,878,1540,49.8
E6,2,HD2864,69,97,28,75,9.5,1.95,61,438,854,1800,31.97
E6,2,HD3086,59,94,35,77,9.8,1.79,41,384,688,1500,43.67
E6,2,HD3249,64,93,29,75,8.8,1.95,41,400,780,1680,47.56
E6,2,DW1627,60,93,33,74,11,1.42,39,360,513,1420,36.53
E6,2,DW1628,63,91,28,71,9.3,1.82,55,450,819,1695,33.21
E6,2,DW1629,59,85,26,73,8,1.62,37,433,704,1400,43.68
E6,2,HD3184,66,90,24,91,10.3,1.98,41,452,895,2100,48.41
E6,2,HD3252,61,90,29,73,10.8,1.59,48,502,797,1780,33.07
E6,2,DW1630,62,88,26,67,9.3,2.18,57,520,1134,2205,38.52
E6,2,HD2932,60,87,27,65,9.8,1.52,51,522,793,1605,29.8
E6,2,DW1631,62,83,21,71,10.3,1.62,45,354,575,1155,36.43
E6,2,DW1632,59,81,22,62,10.5,1.6,51,384,616,1290,31.46
E6,2,WR544,44,78,34,67,9.8,1.84,51,510,938,1890,35.94
E6,2,HD3255,58,85,27,64,8.8,1.47,47,520,765,1690,31.3
E6,2,DW1633,59,83,24,53,10.3,1.76,54,426,749,1845,32.55
E6,2,DW1634,52,83,31,65,10,1.39,51,470,651,1410,27.38
E6,2,DW1635,51,73,22,59,11.8,1.9,55,488,925,1500,34.71
E6,2,HD3090,49,81,32,58,10.8,2,37,528,1056,1830,54.35
E6,2,HD3262,47,81,34,68,9.3,1.56,40,540,842,2070,38.99
E6,2,DW1636,48,76,28,76,10,1.97,31,578,1139,1965,63.59
E6,2,DW1637,46,82,36,74,12.5,1.3,51,470,609,1910,25.61
E6,2,DW1638,44,76,32,80,9.8,1.17,40,577,677,1998,29.34
E6,2,DW1639,45,72,27,69,9,2.03,43,492,999,1690,47.21
E6,2,DW1640,46,75,29,67,10.3,1.49,40,390,582,1500,37.33
E6,2,HD3318,41,74,33,73,9,2.12,58,450,956,1740,36.63
E6,2,HD3265,36,71,35,72,9,1.89,38,594,1122,2070,49.71
E6,2,DW1642,40,65,25,74,9.8,2.29,33,480,1101,1954,69.11
E6,2,DW1643,42,67,25,70,11.5,1.72,32,471,810,1890,53.75
E6,2,DW1644,43,69,26,78,10,1.46,35,502,735,1920,41.82
E6,2,DW1645,43,66,23,85,10.5,1.57,44,555,871,2102,35.69
E6,2,HD3059,41,67,26,75,11,1.52,52,510,777,1790,29.32
E6,2,HD3266,36,63,27,82,8.3,1.73,36,620,1075,2400,48.45
E6,2,DW1615,37,64,27,76,9.5,1.57,50,620,973,2492,31.4
E6,2,HDCSW18,38,66,28,81,10.5,1.6,48,602,963,2390,33.33
E6,3,HD3171,69,98,29,67,11,1.74,45,423,733,1689,38.99
E6,3,DW1616,71,89,19,70,8.3,2.12,44,409,867,1535,48.75
E6,3,HD2864,69,97,28,76,9.6,1.98,63,437,864,1770,31.68
E6,3,HD3086,59,93,35,78,9.9,1.82,43,387,704,1545,42.82
E6,3,HD3249,64,92,29,76,8.6,2,42,390,780,1695,48.19
E6,3,DW1627,60,94,34,75,10.8,1.29,40,366,473,1405,32.68
E6,3,DW1628,63,91,29,72,9.4,1.87,55,468,874,1698,33.88
E6,3,DW1629,58,85,27,71,8.1,1.63,37,436,711,1398,44.6
E6,3,HD3184,66,90,25,91,10,1.97,40,457,898,2070,49.06
E6,3,HD3252,61,91,30,72,11,1.71,49,500,856,1770,35.29
E6,3,DW1630,62,89,27,66,9.8,2.23,59,512,1141,2208,38.05
E6,3,HD2932,60,87,27,65,9.8,1.56,52,513,799,1620,30.16
E6,3,DW1631,62,83,21,71,10.4,1.51,45,362,545,1129,33.63
E6,3,DW1632,59,81,22,61,10.6,1.76,50,392,690,1245,35.19
E6,3,WR544,44,79,35,67,9.6,1.79,49,525,940,1865,36.68
E6,3,HD3255,58,85,28,65,8.5,1.43,46,515,735,1680,31.01
E6,3,DW1633,58,83,25,55,10,1.57,56,432,680,1843,28.21
E6,3,DW1634,51,83,32,66,9.9,1.38,50,471,649,1410,27.68
E6,3,DW1635,52,74,23,59,11.5,1.77,57,489,866,1545,31.32
E6,3,HD3090,49,82,33,58,10.8,1.91,37,558,1067,1845,51.8
E6,3,HD3262,47,82,35,67,9.3,1.62,40,530,857,2071,40.92
E6,3,DW1636,48,76,28,74,10,1.8,31,579,1041,1964,58.74
E6,3,DW1637,45,81,36,76,12.6,1.35,52,465,627,1900,26.1
E6,3,DW1638,45,76,32,80,9.5,1.28,40,587,749,2020,32.32
E6,3,DW1639,46,72,27,68,9.3,2,44,471,942,1670,45.45
E6,3,DW1640,46,74,29,67,10.5,1.29,40,389,503,1468,32.76
E6,3,HD3318,40,74,34,72,9.3,2.18,59,447,972,1755,36.87
E6,3,HD3265,36,72,36,72,8.8,1.77,39,607,1072,2085,45.3
E6,3,DW1642,40,65,26,74,10,2.16,34,481,1039,1927,63.36
E6,3,DW1643,43,69,26,78,9.9,1.57,35,496,779,1910,45.53
E6,3,DW1644,42,67,26,71,11.6,1.77,31,468,828,1845,57.1
E6,3,DW1645,42,65,23,83,10.1,1.72,45,558,959,2101,38.65
E6,3,HD3059,41,66,26,76,10.9,1.64,53,525,860,1815,31.2
E6,3,HD3266,35,62,27,82,8.5,1.75,36,610,1066,2366,48.16
E6,3,DW1615,38,64,27,77,9.6,1.54,49,609,935,2416,31.33
E6,3,HDCSW18,38,66,28,82,10.5,1.58,49,605,953,2374,32.47
